"","scv","theta"
"1","ABABCBCABCABCABCBCBCBCDCBCABCABCBCABCBCDBCBCBCBCBCDBCBCABCBCBCABABCBCABCDCD","-0.626453810742332"
"2","ABCDBCBCBCD","0.183643324222082"
"3","ABCDCABCBCBCDCABCABCDECABCBCABCD","-0.835628612410047"
"4","ABCDECDEFG","1.59528080213779"
"5","ABCBCBCBCDE","0.329507771815361"
"6","ABCABCBCBCBABCABCBCABCBCDCBCABCABCBCABCABCABCABCDCBCBCDE","-0.820468384118015"
"7","ABCDCDECABCABCDBCDCDBCBCDCDBCBCDECDECBCDEFCDEFCDEFDEFDE","0.487429052428485"
"8","ABCDEFDEFDE","0.738324705129217"
"9","ABCDEFDECD","0.575781351653492"
"10","ABCBCBABCBCDE","-0.305388387156356"
"11","ABCBCDEFDEFG","1.51178116845085"
"12","ABCBCD","0.389843236411431"
"13","ABCABCBCDCABCABCBCABCBCABCBCABCBCABCABCBCBCB","-0.621240580541804"
"14","ABA","-2.2146998871775"
"15","ABCDCDECDEFG","1.12493091814311"
"16","ABCABCBCABCAB","-0.0449336090152309"
"17","ABCDE","-0.0161902630989461"
"18","ABCDECDEFDCBCDEFCDEFCDEFDEFG","0.943836210685299"
"19","ABCDECDECBCDEFCD","0.821221195098089"
"20","ABCBCDBCDBCDCD","0.593901321217509"
"21","ABCBCDE","0.918977371608218"
"22","ABCABCBCBCDBCDCDE","0.782136300731067"
"23","ABCDECABCDE","0.0745649833651906"
"24","AB","-1.98935169586337"
"25","ABCDECDEFDEFD","0.61982574789471"
"26","ABCBCBCBCD","-0.0561287395290008"
"27","ABCABCDBCDECABCDBCDCABCD","-0.155795506705329"
"28","A","-1.47075238389927"
"29","ABCBCBCBCBCBCABCBCDBCDBCBCABCBCDBCBCD","-0.47815005510862"
"30","ABCDBCDBCD","0.417941560199702"
"31","ABCDEFG","1.35867955152904"
"32","ABCDEFCABCABCBCBCBABCDBCBCDBCBCDE","-0.102787727342996"
"33","ABCDBCDBCDBCDEFCDEFCDBCDBCDE","0.387671611559369"
"34","ABCABCD","-0.0538050405829051"
"35","ABCB","-1.37705955682861"
"36","ABCDBCABCBCBCABCBCBCBCABCDB","-0.41499456329968"
"37","ABCBCDBCABCBCABCD","-0.394289953710349"
"38","ABCDE","-0.0593133967111857"
"39","ABCDBCDECDECDEFCBCDEFDEFCD","1.10002537198388"
"40","ABCDCDEFG","0.763175748457544"
"41","ABCABCBCDBCBCDBCABCABCDE","-0.164523596253587"
"42","ABCDBCBCABCBCBCBCBCDBCBCBCBCBCDBCBCABCBCBCDBCDCABCABCABCDBCBCBCABCBCABCDBCABCDECABCABCABCD","-0.253361680136508"
"43","ABCDE","0.696963375404737"
"44","ABCD","0.556663198673657"
"45","ABCDBCABCBCBCBCBABCBCBCDECABCABCABCABCABCBCABCBCABCDBCABCBCABCBCABCD","-0.68875569454952"
"46","AB","-0.70749515696212"
"47","ABCDCABCDBCD","0.36458196213683"
"48","ABCDCDEFDBCABCDEFCBCDBCDECDEFDECDEFCDECDBCDCDCDECDBCDCDE","0.768532924515416"
"49","ABCABCD","-0.112346212150228"
"50","ABCDEFDCDEFCABCD","0.881107726454215"
"51","ABCBCABCDCABCDEFDBCDEFDBCABCD","0.398105880367068"
"52","ABCBCBABCBCDBCABCABCDBCD","-0.612026393250771"
"53","ABCD","0.341119691424425"
"54","AB","-1.12936309608079"
"55","ABCDEFCDEFCDEFG","1.43302370170104"
"56","ABCDEFG","1.98039989850586"
"57","ABCABCBCDBCDCBCBCBCBCD","-0.367221476466509"
"58","ABABCBCABCABCBCBCDBCBABCAB","-1.04413462631653"
"59","ABCABCD","0.569719627442413"
"60","ABCBCDCDCABCBCD","-0.135054603880824"
"61","ABCDEFG","2.40161776050478"
"62","ABCBCABCDBCABCBCDECDE","-0.0392400027331692"
"63","ABCDEFCABCBCDEFCABCDECDECBCDECDBCDBCBCDBCDBCABCDCDEFD","0.689739362450777"
"64","ABCBCDBCDE","0.0280021587806661"
"65","ABCBCABCBCABCBCBABCDB","-0.743273208882405"
"66","ABCABCABCDBCDCBCBCBCABCBCDCABCABCDEFG","0.188792299514343"
"67","AB","-1.80495862889104"
"68","ABCDBCDEFDEFCDEFCDEFDEFDEFDEFCDEFDECDEFD","1.46555486156289"
"69","ABCBCDE","0.153253338211898"
"70","ABCDEFG","2.17261167036215"
"71","ABCBCDCDBCDEFDEFCDBCDBCDE","0.475509528899663"
"72","ABCABCABCBCDCBCDBCABCDBCDBCABCBCABCDECBCDE","-0.709946430921815"
"73","ABCD","0.610726353489055"
"74","ABCDBCBCBCD","-0.934097631644252"
"75","ABABCDBCB","-1.2536334002391"
"76","ABCBCDCABCDEFDBCDCABCABCDBCABCD","0.291446235517463"
"77","ABCD","-0.443291873218433"
"78","ABCBCDBCABCDE","0.00110535163162413"
"79","ABCBCDCDE","0.0743413241516641"
"80","ABCBCBCBCD","-0.589520946188072"
"81","ABCBCABCA","-0.568668732818502"
"82","ABCBCABCDBCBCDBCABCABCDBCBCBCDECABCDBCBCBCD","-0.135178615123832"
"83","ABCDEFCDEFDEFDEFG","1.1780869965732"
"84","ABCA","-1.52356680042976"
"85","ABCD","0.593946187628422"
"86","ABCDEFCDCDBCABCD","0.332950371213518"
"87","ABCDCDEFCDE","1.06309983727636"
"88","ABCABCDCBCDCABCABCBCBCBCD","-0.304183923634301"
"89","ABCDBCDBCDBCD","0.370018809916288"
"90","ABCDEFD","0.267098790772231"
"91","ABCBCABABCABCBABCD","-0.54252003099165"
"92","ABCBCDBCDEFCDEFG","1.20786780598317"
"93","ABCABCDBCDBCDEFDEFDEFDCDECDEFDECDBCDBCDEFDEFDECDEFDEFDEFDECABCABCABCDEFCDEFG","1.16040261569495"
"94","ABCABCDECDEFDEFG","0.700213649514998"
"95","ABCDEFG","1.58683345454085"
"96","ABCBCDCDBCDBCDEFCDECBCDE","0.558486425565304"
"97","ABCBCBCBCA","-1.27659220845804"
"98","ABCBCABCABABCABCB","-0.573265414236886"
"99","ABCABCB","-1.22461261489836"
"100","ABCBCBCDCABCBCABCABCBABCBCBCABCBCABCBCABCABCBCBCDCBCDCABCAB","-0.473400636439312"
"101","ABCB","-0.620366677224124"
"102","ABCDECBCDCABCD","0.0421158731442352"
"103","ABCBCBCABCABCBCBCABCBCDBCBCDCABCBCBCBCBCABCBABCABCABCABCBCABCBCBCABCBCBCBCDCABCBCBCABCBCBCBCBCABCABCDECABCAB","-0.910921648552446"
"104","ABCBCDE","0.158028772404075"
"105","ABCD","-0.654584643918818"
"106","ABCDEFDEFDEFCDEFG","1.76728726937265"
"107","ABCABCABCDEFCBCDECDE","0.716707476017206"
"108","ABCDE","0.910174229495227"
"109","ABCD","0.384185357826345"
"110","ABCDEFCABCDBCDEFG","1.68217608051942"
"111","ABCABCABCBCABCBCBCBCABCABCABCABCBABCABCB","-0.635736453948977"
"112","ABCBCD","-0.461644730360566"
"113","ABCDEFDEFG","1.43228223854166"
"114","ABCABCBCBCBCABCBCABCBCBCBCDECBCABCABCABABCABCBABCBCBCBCBCD","-0.650696353310367"
"115","ABCABCABCABCBCDCABCBCABCABCBCDBCBCBCBCABCDBCDE","-0.207380743601965"
"116","ABCBCABCABCBCBCD","-0.392807929441984"
"117","ABCD","-0.319992868548507"
"118","ABCDBCABCABCBCABCDE","-0.279113302976559"
"119","ABCDBCDEFDECD","0.494188331267827"
"120","ABCBCABCABCABCDECBCABCDBCABCABCDBCABCDCDBCABCDE","-0.177330482269606"
"121","ABCBCBCABCBCD","-0.505957462114257"
"122","ABCDBCDEFCABCDEFG","1.34303882517041"
"123","ABCABCABCD","-0.214579408546869"
"124","ABCABCABCDCDBCDBCBCBCABCABCDBCBABCDCABCABCBCABCABCD","-0.179556530043387"
"125","ABCBCDBCBCABCBCBCBCD","-0.100190741213562"
"126","ABCDCDCDEFDECD","0.712666307051405"
"127","ABCABCDCABCDBCDBCDCABCBCABCDEFD","-0.0735644041263263"
"128","ABCABCABCBCBCD","-0.0376341714670479"
"129","ABCBABCBCBCABCBCBCBCBCDCABCABCDCDBCABCDECBCABCBCAB","-0.681660478755657"
"130","AB","-0.324270272246319"
"131","ABCABCDEFDECABCDCDCBCABCBCDECABCD","0.0601604404345152"
"132","ABCABCABCBCBABCD","-0.588894486259664"
"133","ABCDEFDBCABCDECD","0.531496192632572"
"134","AB","-1.51839408178679"
"135","ABCDCBCD","0.306557860789766"
"136","AB","-1.53644982353759"
"137","ABCBCABCDCBCB","-0.300976126836611"
"138","AB","-0.528279904445006"
"139","ABCBABCBCDCABCB","-0.652094780680999"
"140","ABCABCABCABCBCBCDCBCD","-0.0568967778473925"
"141","AB","-1.91435942568001"
"142","ABCDE","1.17658331201856"
"143","ABCAB","-1.664972436212"
"144","ABCBCABCABABCBCD","-0.463530401472386"
"145","ABCABCABCBCABCABCBABCABCABCAB","-1.11592010504285"
"146","ABCDCABCABCBCBCABCABABCBCDBCABCABCABCBABCBCDCABCBCBCBCABABCABCABCBCBCDBCD","-0.750819001193448"
"147","ABCDEFG","2.08716654562835"
"148","ABCDEFDBCDECABCBCBCD","0.0173956196932517"
"149","ABCABABCAB","-1.28630053043433"
"150","ABCABABABCABABCBCB","-1.64060553441858"
"151","ABCDBCBCDEFDEFCDEFD","0.450187101272656"
"152","ABCABCDCABCDBCBCABCBCDBCDB","-0.018559832714638"
"153","ABCBCABCBCABCDE","-0.318068374543844"
"154","ABCDB","-0.929362147453702"
"155","AB","-1.48746031014148"
"156","ABAB","-1.07519229661568"
"157","ABCDE","1.00002880371391"
"158","ABCABCBCABCD","-0.621266694796823"
"159","AB","-1.38442684738449"
"160","ABCDEFG","1.86929062242358"
"161","ABCDEFCDE","0.425100377372448"
"162","ABCDECBCBCBCBCBCABCDCABCDBCD","-0.238647100913033"
"163","ABCABCDEFDEFCBCDEFDE","1.05848304870902"
"164","ABCDBCD","0.886422651374936"
"165","ABCABCABCABCDBCBCA","-0.619243048231147"
"166","ABCDEFG","2.20610246454047"
"167","ABCD","-0.255027030141015"
"168","AB","-1.42449465021281"
"169","ABCABCBCBCABCABCDBCBCBCBCDCBCBCBCBCD","-0.144399601954219"
"170","ABCDEFD","0.207538339232345"
"171","ABCDEFG","2.30797839905936"
"172","ABCBCBCDECDBCABCBCD","0.105802367893711"
"173","ABCDBCDECD","0.456998805423414"
"174","ABCABCDCABCBABCABCABCDE","-0.077152935356531"
"175","ABCBCABCD","-0.334000842366544"
"176","ABCBCBCABCDECDBCDBCBCDEFCABCABCABCDCABCBCABCDECBCABCABCDBCABCDBCBCABCDCABCBCDCBCBCBCBCDECBCABCABCABCBCBCBCDECBCABCBCAB","-0.0347260283112762"
"177","ABCBCDEFDEFDEFDEFDBCDEFDEFCDEFD","0.787639605630162"
"178","ABCDEFCDEFDEFG","2.07524500865228"
"179","ABCDEFDEFG","1.02739243876377"
"180","ABCBCDEFG","1.2079083983867"
"181","ABCABCABCABCBCABABCBCA","-1.23132342155804"
"182","ABCDEFDCDECDEFDEFCDEFCABCABCDEFCABCDCDECDE","0.983895570053379"
"183","ABCABCD","0.219924803660651"
"184","ABCABABCABABCABCBCABABCB","-1.46725002909224"
"185","ABCDBCDECABCDBCDECD","0.521022742648139"
"186","ABCABCBCABCD","-0.158754604716016"
"187","ABCDEFG","1.4645873119698"
"188","ABCB","-0.766081999604665"
"189","ABCABCABCABCDCBCBCABCABCBCBCABCBCBCABCDBCABCABCD","-0.430211753928547"
"190","ABABCABCAB","-0.926109497377437"
"191","ABCABABCBCABCDCABCABCDECDCDBCABCD","-0.17710396143654"
"192","ABCDECABCDE","0.402011779486338"
"193","ABCBABCBCBCAB","-0.731748173119606"
"194","ABCD","0.830373167981674"
"195","ABCDCABCBCBCBCD","-1.20808278630446"
"196","ABCABCABCABCDBCBABCBCBCBCBCABCBCB","-1.04798441280774"
"197","ABCDE","1.44115770684428"
"198","ABCABCABCABCABCBCABCABCBCBCABABCBCABABABCBCABCABCABCAB","-1.01584746530465"
"199","ABCBCDCDECDBCDCDE","0.411974712317515"
"200","ABCDCDECABCBCBABCABCABCDCABCBCABCABCDCDCD","-0.38107605110892"
"201","ABCDBCDECDEFDECBCDCD","0.409401839650934"
"202","ABCDCDEFCDEFG","1.68887328620405"
"203","ABCDEFCDEFG","1.58658843344197"
"204","ABCDCBCBCABCABCABCBCAB","-0.330907800682766"
"205","ABCAB","-2.28523553529247"
"206","ABCDEFG","2.49766158983416"
"207","ABCDBCDBCABCDCDEFCDEFDE","0.667066166765493"
"208","ABCDBCDE","0.5413273359637"
"209","ABCABCBCBCDEFDCABCABCBCBCABCD","-0.0133995231459087"
"210","ABCDE","0.510108422952926"
"211","ABCBCBCBCABCABCDBCDBCBCDECBCBABCABCBCBCBCABCDCABCDCABCABCDBCABCDECDBCABCABCABCABCD","-0.164375831769667"
"212","ABCD","0.420694643254513"
"213","ABCDCABCBCB","-0.400246743977644"
"214","ABCABAB","-1.37020787754746"
"215","ABCDEFDEFCDCDCDE","0.987838267454879"
"216","ABCDEFG","1.51974502549955"
"217","ABCABCABCDE","-0.308740569225614"
"218","ABCABCAB","-1.25328975560769"
"219","ABCDEFDCDECABCDECABCDEFDBCBCDECDECDBCD","0.642241305677824"
"220","ABCD","-0.0447091368939791"
"221","AB","-1.73321840682484"
"222","ABCBCABABCABCDCABCDCDECDCAB","0.00213185968026965"
"223","ABCBCBCABCABCBCBCBCABCABCABCDBCD","-0.630300333928146"
"224","ABCBCABCBCBCABCBCBCDCBCDCABCBCDBCBCABCDBCDECBCDECD","-0.340968579860405"
"225","ABCBCBCBCABCB","-1.15657236263585"
"226","ABCDEFDEFCDCDBCDEFDBCDEFG","1.80314190791747"
"227","ABCBCD","-0.331132036391221"
"228","AB","-1.60551341225308"
"229","ABCDBCDCBCDBCABCBCABCD","0.197193438739481"
"230","ABCDBCDE","0.263175646405474"
"231","ABCABCBCABCABCBCABCD","-0.985826700409291"
"232","A","-2.88892067167955"
"233","ABCBCDCABABCBCABCABCBCABCBCBCBCABCDCABCBCABCDBCBCBCABCBCABCD","-0.640481702565115"
"234","ABCBCABCBCD","0.570507635920485"
"235","ABCABCBCBCD","-0.05972327604261"
"236","ABCBCBCBCBCABCDCABCABCABCDBCDBCABCBCDCDBCDCDBCDCBCBCDBCABCBCABABCABCABCDE","-0.0981787440052344"
"237","ABCDE","0.560820728620116"
"238","ABCBCBCBABCABCABCABCBCAB","-1.18645863857947"
"239","ABCDEFDEFDEFDCABCDEFDEFCDECDEFCDEFDEFG","1.09677704427424"
"240","ABCD","-0.00534402827816569"
"241","ABCBCDEFD","0.707310667398079"
"242","ABCD","1.03410773473746"
"243","ABCBCDBCDEFDECABCD","0.223480414915304"
"244","ABCABCABABCBCABCBCBCBCABAB","-0.878707612866019"
"245","ABCDE","1.16296455596733"
"246","A","-2.00016494478548"
"247","ABCD","-0.544790740001725"
"248","ABCBCBCBCDBCABCBCABCBCBCABCD","-0.255670709156989"
"249","ABCBCA","-0.166121036765006"
"250","ABCDEFDCDECDEFDEFG","1.02046390878411"
"251","ABCABCABCBCBCBCDECDE","0.136221893102778"
"252","ABCBCDBCDE","0.407167603423836"
"253","ABCDCD","-0.0696548130129049"
"254","ABCDCBCBCDBCBABCDCABCDCDE","-0.247664341619331"
"255","ABCBCDEFDE","0.69555080661964"
"256","ABCDEFDEFCDEFDEFCDEFCDEFDECDCDEFDEFDBCDECDEFDEFCDECDEFDEFCDEFCDEFCDCDEFDBCDBCDEFDBCDEFG","1.1462283572158"
"257","A","-2.40309621489187"
"258","ABCD","0.572739555245841"
"259","ABCDEFCABCDCDECDECDCDEFD","0.374724406778655"
"260","ABCD","-0.425267721556076"
"261","ABCDBCDEFCDE","0.951012807576816"
"262","ABCABCD","-0.389237181718379"
"263","ABCDCABCD","-0.284330661799574"
"264","ABCD","0.857409778079803"
"265","ABCDEFCDEFD","1.7196272991206"
"266","ABCDBCDECDCABCDECABCDCDEFCDEFDBCDE","0.270054900937229"
"267","ABCBCABCBCABCD","-0.42218400978764"
"268","ABCBCABA","-1.18911329485959"
"269","ABCDCBCABCDE","-0.33103297887901"
"270","ABABABCBCBCBABCBCDCABCABCAB","-0.939829326510021"
"271","ABCABCD","-0.258932583118785"
"272","ABCDECDCDCABCBCD","0.394379168221572"
"273","ABCBCBCD","-0.851857092023863"
"274","ABCDEFG","2.64916688109488"
"275","ABCBCDBCD","0.156011675665079"
"276","ABCBCDEFDEFG","1.13020726745494"
"277","ABCBCABABCABCB","-2.28912397984011"
"278","ABCDCDCBCDEFDCDCDEFDEFCDEFDECDBCDECDEFG","0.741001157195439"
"279","ABCABCBCABCABCBCABCBCABCBCBAB","-1.31624516045156"
"280","ABCDBCDEFDE","0.919803677609141"
"281","ABCDBCABCABCBCD","0.398130155451956"
"282","ABCBCABCBCDE","-0.407528579269772"
"283","ABCABCABCDEFDEFCDEFCDECD","1.32425863017727"
"284","ABABCBCBCABCBCBCDCABABCDCBCBCBCABCABABCBCABCBCBCBCABCBCBCBCABCDCBCDBCABCABCBCDBCBCABCBCD","-0.70123166924692"
"285","ABCBCBCDCABCABCABCDCABCBCDCA","-0.580614304240536"
"286","ABCABCBCBCBCAB","-1.00107218102542"
"287","ABCBCBCABCABCABCD","-0.668178606753393"
"288","ABCDEFD","0.945184953373082"
"289","ABCDBCABCDBCBCABCDBCABCABCABCDBCDBCBCABCABCDCDBCABABCABCDECDEFDBCDCDBCBCDEFCABCD","0.433702149545162"
"290","ABCDEFCDECDEFDE","1.00515921767704"
"291","ABCBCABCABCABCBCABCBCDECBCBCBCD","-0.390118664053679"
"292","ABCABCDECDCDBCDECDECBCDEFDEFDECBCDECDBCDCDCDEFCABCABCDCBCBCABCBCBCBCD","0.376370291774648"
"293","ABCDCDEFDE","0.244164924486494"
"294","ABAB","-1.42625734238254"
"295","ABCDEFDEFG","1.77842928747545"
"296","ABCD","0.134447660933676"
"297","ABCDECDEFCDEFDBCDEFD","0.765598999157864"
"298","ABCDEFDEFG","0.955136676908982"
"299","ABCBCBCBCABCABCDBCABCD","-0.0505657014422701"
"300","ABCD","-0.305815419766971"
"301","ABCDEFCDE","0.893673702425513"
"302","A","-1.0472981490613"
"303","ABCDEFCDEFG","1.97133738622415"
"304","ABCBCBCABCABCD","-0.383632106288362"
"305","ABCD","1.65414530227499"
"306","ABCDEFDBCDEFDEFDEFDEFCDEFCDEFG","1.51221269395063"
"307","ABCDCABCD","0.082965733585914"
"308","ABCDCD","0.5672209148515"
"309","ABCABCBAB","-1.02454847953446"
"310","ABCDBCD","0.323006503022436"
"311","ABCBCDBCDEFDEFDEFDEFDEFG","1.04361245835618"
"312","ABCABCDECDBCDEFCDBCABCBCAB","0.0990784868971982"
"313","ABCBCBCDBCDCBCBCABCABCABCABCABCABCBCABCBCABCABCBCBCBCABCDBCBCABCDCABCDBCBCBCABCBCABCABCBCABCABCABCDCABCDCABCDCD","-0.45413690915436"
"314","ABCDCB","-0.65578185245044"
"315","ABCABCDBCDCABCABCBCBCBCD","-0.0359224226225114"
"316","ABCDCD","1.0691614606768"
"317","ABCD","-0.483974930301277"
"318","ABCBCABCDBCBCBCBCDBCABCBCD","-0.121010111327444"
"319","ABCABCABCABCBCBCBCBCABCABCAB","-1.29414000382084"
"320","ABCDCDBCD","0.494312836014856"
"321","ABCDEFDEFDEFCDEFDCD","1.30790152011415"
"322","ABCDEFDEFG","1.49704100940278"
"323","ABCDCDEFCABCABCDEFDE","0.814702730897356"
"324","ABCBCAB","-1.86978879020261"
"325","ABCDEFDEFCDBCDCDECABCABCDBCDCDEFG","0.48202950412376"
"326","ABCBCD","0.456135603301202"
"327","ABCABCDCBCABCDCBCBCABCDBCABCB","-0.353400285829911"
"328","ABCABCBCBCBCD","0.170489470947982"
"329","AB","-0.864035954126904"
"330","ABCDEFDCBCDEFDCDBCDCDBCDBCDCDECABCDEFCD","0.679230774015656"
"331","ABCDCBCD","-0.327101014653104"
"332","ABCBABCABCABCBCBCABCB","-1.56908218514395"
"333","ABCDCABCBCABCD","-0.367450756170482"
"334","ABCDEFG","1.36443492906985"
"335","ABCDE","-0.334281364731164"
"336","ABCBCDCDCDEFDEFDEFDEFDBCDEFCDEFDEFDBCDCBCD","0.732750042209102"
"337","ABCDE","0.946585640197786"
"338","ABCDCABCBCDEFD","0.00439870432637403"
"339","ABCDE","-0.352322305549849"
"340","ABCBCABCABCABCABCBCABCBCD","-0.529695509133504"
"341","ABCDBCDEFDEFDEFCBCDCDBCDEFG","0.739589225574796"
"342","ABCBCB","-1.06345741548281"
"343","ABCDECABCBCDECBCDCBCBCDBCBCDEFCDBCBCBCDEFDBCDCBCD","0.2462108435364"
"344","ABCDECDBCABCBCD","-0.289499366564312"
"345","AB","-2.26488935648794"
"346","ABCBCD","-1.40885045607319"
"347","ABCBCDBCBCDECDEFDECDEFDEFDECD","0.916019328792574"
"348","ABABCBCABCABCABCBCBCBCABCABCD","-0.1912789505352"
"349","ABCDBCDBCBCDEFG","0.803283216133648"
"350","ABCDEFDEFG","1.8874744633086"
"351","ABCABCDEFDEFDEFG","1.47388118110914"
"352","ABCDECD","0.677268492312998"
"353","ABCABCDEFCD","0.379962686566745"
"354","ABCABCDBCABCDBCDBCBCABCABCABCD","-0.192798426457334"
"355","ABCDEFDEFDEFDCBCDECDEFDEFCDE","1.5778917949044"
"356","ABCABCDE","0.596234109318454"
"357","ABCBCBCBCABCBCBCBCD","-1.17357694087136"
"358","ABCBCABCABCBCBCABCBCBCABCABCABCABCABCBCBCD","-0.155642534890318"
"359","ABCABAB","-1.91890982026984"
"360","ABCABCBCABCBCBCDCBABCBCDCDBCBCABCABCABCBCAB","-0.195258846110637"
"361","ABCBABCBCAB","-2.59232766994599"
"362","ABCDCDE","1.31400216719805"
"363","ABCABCDBCBCABCABCABCBCBCBCABCBCABCBCABCBCBCDCABCABCBCD","-0.635543001032135"
"364","ABCBCABCABCABCABCABCBCBCBCBCDCDBCABCABCBCABCDCBCBCDBCABCBCABCDBCABCBCDCABCABCDCD","-0.429978838694188"
"365","ABCD","-0.169318332301963"
"366","ABCDBCDEFCDECDECABCBCDEFCDBCABCABCBCDEFCD","0.612218173989128"
"367","ABCDBCDEFD","0.6783401772227"
"368","ABCBCBCDBCDCABCBCDECDECBCD","0.567951972471672"
"369","ABCBCABCBABCBCDCDBCABCABCABCABCABCAB","-0.572542603926126"
"370","ABCB","-1.36329125627834"
"371","ABCBCABCBCBCBCDECBCABCBCABCABCDBCBCABCBCABCD","-0.388722244337901"
"372","ABCBCABCBCD","0.277914132450543"
"373","ABCABCABCBCDBCBCBCBCABABCBCABCABCABCBCABCBCB","-0.823081121572025"
"374","ABCDCABCABCABCDBCABCABCABCBCABCD","-0.0688409344784646"
"375","ABCABCBCBCDCAB","-1.1676623261298"
"376","ABCDBCABCDBCBCABCBCD","-0.0083090142156068"
"377","ABCABCBCDBCBCBCDBCBCABCBCABCDE","0.128855401597405"
"378","ABCDBCABCABCABCDEFDBCDBCABCBCABCABCDCABCABCBCABCABCBCDBCDCABCBCDE","-0.145875628461003"
"379","ABCD","-0.163910956736068"
"380","ABCDE","1.76355200278492"
"381","ABCDEFDECDEFCD","0.762586512418318"
"382","ABCABCABCDEFCDEFD","1.11143108073063"
"383","AB","-0.923206952829831"
"384","ABCBCDECDBCBCDCBCD","0.164341838427956"
"385","ABCDEFDEFG","1.15482518709727"
"386","ABCDEFDBCBCDBCABCABCABCDCBCDBAB","-0.0565214245264898"
"387","AB","-2.12936064823465"
"388","ABCBCDCDE","0.344845762099456"
"389","A","-1.90495544558553"
"390","ABCBCBCBCABCBCBCBCABCBABCABCABCABABCABCBCBCD","-0.811170153140217"
"391","ABCDBCDCDE","1.3240043212996"
"392","ABCABCDEFCDEFG","0.615636849302674"
"393","ABCDEFG","1.09166895553536"
"394","ABCD","0.306604861513632"
"395","ABCBCABCBCD","-0.110158762482857"
"396","ABCBCABCBCDBCBCABCBCBCDCD","-0.924312773127284"
"397","ABCDECDEFD","1.5929137537192"
"398","ABCBCDBCD","0.0450105981218803"
"399","ABCBCDBCABA","-0.715128400667883"
"400","ABCDE","0.865223099717138"
"401","ABCDEFDECD","1.0744409582779"
"402","ABCDEFDEFG","1.89565477419858"
"403","ABCBCABCBCBCBCBCBCABCBCBCBCBCD","-0.602997303605094"
"404","ABCABCBCBCBCBCD","-0.390867820723137"
"405","ABCABCBABCDBCABCBCABCBCDCDCABCBCDECBCABCABCABCDBCBCBCD","-0.416222031530192"
"406","ABCABCBCABCBCBCDCABCBCBCABCDE","-0.375657422820391"
"407","ABCBCBCD","-0.366630945702358"
"408","ABCBCBCABCABCBCBCABCBCBCABCBCDBCBCB","-0.295677452700886"
"409","ABCDEFG","1.44182041019987"
"410","ABCBCBCABCAB","-0.697538291913041"
"411","ABCBCABCDCBCBCBCDCD","-0.38816750592136"
"412","ABCBCDEFDCDECDEFD","0.652536452171517"
"413","ABCDECDEFCDEFDEFDBCDEFDEFCDEFCBCDCDBCDEFCDECDE","1.12477244653513"
"414","ABCABCBCABCDCBCABCABABCABCBCBCA","-0.772110803023928"
"415","ABCD","-0.508086216138287"
"416","ABCDEFD","0.523620590498017"
"417","ABCDCDEFDEFCD","1.01775422653797"
"418","ABCBCDCABCBCB","-0.251164588087978"
"419","ABABCAB","-1.42999344738861"
"420","ABCDEFCDCDEFCDEFG","1.70912103210088"
"421","ABCDEFDEFDEFDEFG","1.43506957231162"
"422","AB","-0.71037114584988"
"423","ABCDBCBCDBCABCD","-0.0650675736555838"
"424","ABCAB","-1.75946873536593"
"425","ABCDEFDEFDBCD","0.569722971819101"
"426","ABCDEFG","1.61234679820178"
"427","ABCBCBCAB","-1.63728064710472"
"428","ABCABCABCBCABCABCABCABCBCBCABABCDBCBCDCD","-0.779568513201747"
"429","ABCABCABCABCBCD","-0.641176933750564"
"430","ABCBCBCABCABCBCABCABCDCBCBCBCBCB","-0.681131393571156"
"431","ABCA","-2.03328559561795"
"432","ABCBCD","0.500963559247907"
"433","ABCB","-1.53179813996574"
"434","ABCBCABCDB","-0.0249976392782635"
"435","ABCDEFDEFCDBCDEFDBCBCD","0.592984721025293"
"436","ABCDBCDBCDBCDBCD","-0.19819542148464"
"437","ABCDEFCD","0.892008392473526"
"438","ABCDCD","-0.0257150709181537"
"439","ABCB","-0.647660450585665"
"440","ABCDEFG","0.64635941503464"
"441","ABCDCABCBCBCABCAB","-0.433832740029588"
"442","ABCDEFDE","1.7726111849785"
"443","ABCABCDBCDECBCABCABCABCBCDBCDCABCBCBCDBCBCBCBCABCABCABCABCD","-0.0182597111630101"
"444","ABCD","0.852814993600531"
"445","ABCBCDEFDBCBCD","0.205162903244026"
"446","A","-3.00804859892048"
"447","ABCABCBCABCBCB","-1.36611193132898"
"448","ABCABCABCBCABCABCBCDECBCDECBCBCABCDE","-0.424102260144812"
"449","ABCABCBCDCDCBCABCDE","0.236803663745558"
"450","AB","-2.34272312035896"
"451","ABCBCDEFG","0.961696633380712"
"452","ABCABCABCABCABCBCDCBCD","-0.60442573385444"
"453","ABCBCABCABCABCABCDBCABCBCDCABCABCD","-0.752877279362913"
"454","ABAB","-1.55561159254425"
"455","ABCAB","-1.45389373800106"
"456","ABCBCABCABCBCABCDBCD","0.0563318360544103"
"457","ABCDEFDECABCABCDEFCBCDCDBCDCDEFDE","0.509369406673892"
"458","A","-2.0978829597843"
"459","ABCBCDBCABCBCABABCBCBCBCBCABCBCABCABCABCABCBCAB","-1.00436197944933"
"460","ABCDBCBCABCDEFG","0.535771722252592"
"461","ABCDCDCBCBCBCBCABCABCD","-0.453037084649918"
"462","ABCDEFCDEFG","2.16536850181726"
"463","ABCBCDECDCDEFDCDCDBCDBCDEFCDEFG","1.24574667274811"
"464","ABCABCDBCABCDBCDBCBCDBCD","0.595498034069596"
"465","ABCD","0.0048844495381889"
"466","ABCDBCD","0.279360782055259"
"467","ABCBCDCBCBCABCBCBCABCBCBCABCABCBCABCABCABCBCABCD","-0.705906125267626"
"468","ABCDEFG","0.628017152957251"
"469","ABCDEFDE","1.4802139600857"
"470","ABCDEFDEFCDECDECDEFCDE","1.08342991008328"
"471","ABCDCABCABCBCABCABCBCBCABCBCABCBCBCBCABCBCABCABCDBCBCABCBCBCAB","-0.813244256664091"
"472","ABCAB","-1.61887684922359"
"473","ABCDBCDEFCDECD","-0.109655699488241"
"474","ABCDE","0.440889370916978"
"475","ABCDE","1.3509939798086"
"476","ABCABCABCBCA","-1.31860948453356"
"477","ABCDEFDBCDEFG","0.364384592607448"
"478","ABCDCBCDECDBCDECBCABCD","0.233499835088518"
"479","ABCDECDECDEFG","1.19395526125905"
"480","ABCABCD","-0.0279099721295774"
"481","ABCABCBCBCDCBCABCDBCABCBCDBCD","-0.357298854504253"
"482","ABCBCBCBCABCB","-1.14681413611837"
"483","ABCDBCBCDE","-0.517420483593623"
"484","ABCBCBCBCD","-0.362123772578272"
"485","ABCDEFG","2.35055432578911"
"486","ABCDEFG","2.44653137569996"
"487","ABCBCABCABCDBCBCDE","-0.166703279484276"
"488","ABCB","-1.04366743906189"
"489","AB","-1.97293493407467"
"490","ABCDBCDBCDCDBCDBCBCD","0.514671633438029"
"491","ABCABCBCBCABCABCABCBCBCBCDBCBCDCB","-1.09057358373486"
"492","ABCDEFG","2.28465932554436"
"493","ABABCBCBABCBABCBCBCBCBCD","-0.885617572657959"
"494","ABCDBCBCBCDECDCBCDBCBCDBCABCDBCDBCDBCDBCDEFDCABCD","0.111106429745722"
"495","ABCDEFG","3.81027668071067"
"496","ABCBCBCABCBCB","-1.10890999794325"
"497","ABCABABCDCDBCDEFCDBCDCDBCBCDBCBCDCABCABCABCDE","0.307566624421454"
"498","ABCABCBCDBCABABCBCABCABABCABCBCABCBCAB","-1.10689447222516"
"499","ABCDEFCBCABCABCDEFCDCDECD","0.34765364882196"
"500","ABCBCDBCBCBCBCDBCABCDCABCABCDCBCABCABCBCABCABCBCBCBCABCBCDBCDBCBCBCABCBCBCBCABCBCBCDBCBABCBCABABCD","-0.873264535062044"
"501","ABCBCABCABCD","0.0773031227369236"
"502","ABCDCABCBCABCABCABCBCBCD","-0.296868642156621"
"503","AB","-1.18324224043267"
"504","ABCBCBCDCBCDBCD","0.0112926884238996"
"505","ABCDEFDEFDEFDCDEFDEFDECDEFCDE","0.991601036059367"
"506","ABCD","1.59396745390374"
"507","A","-1.37271127092917"
"508","ABCD","-0.249610933042319"
"509","ABCDE","1.15942452685555"
"510","AB","-1.1142223478436"
"511","AB","-2.52850068885039"
"512","ABCBCBCABCAB","-0.935902558513312"
"513","ABCABCBCBCBCDCBCABCD","-0.967239457935565"
"514","ABCD","0.0474885923277959"
"515","ABCBCABCDECBCD","-0.403736793498034"
"516","ABCABCD","0.231496128244633"
"517","AB","-0.422372407926746"
"518","ABCDBCBCBCABCDEFCDBCBCBCDBCDE","0.374118394695298"
"519","ABCDECABCD","-0.366005774997015"
"520","ABCDCDCDEFG","1.19010144652106"
"521","ABABCABCABCBCABCBCABCABCBABCBCD","-0.737327525257229"
"522","ABCDCABCDEFDCBCBCD","0.290666645439266"
"523","ABCBCABCB","-0.884849568284455"
"524","ABCDBCABCDEFD","0.208006478870832"
"525","ABCD","-0.0477301724785263"
"526","ABABCABABABAB","-1.68452064613859"
"527","ABCABCBCBCBCBCDCBCDCABCABCDCD","-0.144226556618951"
"528","ABCDEFDECDEFDEFG","1.18021366550265"
"529","ABCDBCBCBCDECBCD","0.681399923199504"
"530","ABCABCDCBCDBCDECDBCDEFCBCABCDBCBCDBCDBCDEFCDBCBCDBCDE","0.143247630887551"
"531","ABCBCABCBCABABCB","-1.19231644371292"
"532","ABCDEFDE","1.16922865278909"
"533","ABCBCDECBCBCABCABCABCABCBCDBCDBCDBCDCABCBCD","0.0792017089453723"
"534","ABCBCD","-0.451773752768677"
"535","ABCDEFG","1.64202821280077"
"536","ABCBCBCBCBCBCBCBCBCBCDCBCABCAB","-0.769592321599518"
"537","ABCD","0.303360960757848"
"538","ABCDEFG","1.28173742118351"
"539","ABCDEFDBCDEFCDEFD","0.602222795170429"
"540","ABCDCDE","-0.307022264536836"
"541","ABCD","-0.418418103422641"
"542","ABCBCABCDBCDEFDECDEFCDCDECD","0.355135530046085"
"543","ABCBCDCBCDBCBCBCBCBCDEFCD","0.513481114599557"
"544","ABCBCDCDCABCABCDE","0.01860740032874"
"545","ABCDEFCDEFCDEFDEFCDEFCD","1.31844897225668"
"546","ABCB","-0.065831999838153"
"547","AB","-0.700296078317704"
"548","ABCABCD","0.537326131521341"
"549","ABCBCBABCABCABA","-2.20178232235392"
"550","ABCDE","0.391973743798411"
"551","ABCDCDCDE","0.496960952423719"
"552","ABCABCABCD","-0.224874715429902"
"553","ABCBCBCBCABCBCABCBCABCBCABCABCABCBCD","-1.11714316533188"
"554","ABCABCABCBCBCABCDCBCBCBCABCDBCABCBCBCDBCDBCABCABCDBCABCBCABCBCABCDCABCABCBCDBCBCBCABCBCDE","-0.394994603313877"
"555","ABCDBCD","1.54983034223631"
"556","AB","-0.743514479798666"
"557","A","-2.33171211772957"
"558","ABCBABCDEFCDEFDEFCD","0.812245442209214"
"559","ABABCABCAB","-0.501310657201351"
"560","ABCBCBCBCBCABCBCBCABCABCD","-0.510886565952357"
"561","ABCABCBCBCABCABCBCBCBCB","-1.21536404115501"
"562","ABCD","-0.022558628347222"
"563","ABCDE","0.701239300429707"
"564","ABABCDCABCABCBABCBCBCBCDECABCBCABCBCBCDCBCBCABCBCBCDBCDCBCDCD","-0.587482025589799"
"565","ABCABCBCBCABCA","-0.60672794141879"
"566","ABCDEFCDEFDEFDBCDEFG","1.09664021500029"
"567","ABCBCDBCBCABCBCDBCBCDBCABCABCBCDBCABCBCBCABCABCBCDE","-0.247509677080296"
"568","ABCBCABCDCBCABCBCDBCABCBCDCABCDCDECBABCD","-0.159901713323247"
"569","ABCD","-0.625778250735075"
"570","ABCDE","0.900434635600238"
"571","ABABCABCABCBCABCDCABCBCBCABCDBCBCABCBCBCB","-0.994193629266225"
"572","ABCDECDEFDEFCDEFDECDECABCDCDEFDCDBCDCDCBCDEFCDEFCD","0.849250385880362"
"573","ABCD","0.805702288976437"
"574","ABCBCBCD","-0.46760093599122"
"575","ABCDE","0.848420313723343"
"576","ABCDEFDEFCD","0.986769863596017"
"577","ABCD","0.57562028851936"
"578","ABCDEFG","2.02484204541817"
"579","ABCB","-1.96235319122504"
"580","ABABCABCBCAB","-1.16492093063759"
"581","ABCBCABABAB","-1.37651921373083"
"582","ABCABCDBCABCD","0.167679934469767"
"583","ABCDEFD","1.58462907915972"
"584","ABCABCDEFDEFG","1.67788895297625"
"585","ABCD","0.488296698394955"
"586","ABCDCDE","0.878673262560324"
"587","ABCABCABCABCDB","-0.144874874029881"
"588","ABCABCB","0.468971760074208"
"589","ABCDBCD","0.376235477129484"
"590","ABCABCABCDBCBCABCBCDCBABCDCBCAB","-0.761040275056481"
"591","ABCD","-0.293294933750864"
"592","ABCBCABCDCBCD","-0.134841264407518"
"593","ABCDEFDEFG","1.39384581617302"
"594","ABCABCABCBCBCABCBCABCABABCABABCABCBCBCBCBCBCBCBCDBCABCB","-1.03698868969829"
"595","ABCBCB","-2.11433514780366"
"596","ABCDBCDEFD","0.768278218204398"
"597","A","-0.816160620753485"
"598","ABCBCABCBCB","-0.436106923160574"
"599","ABCDEFDEFDEFCDE","0.904705031282809"
"600","ABCBCBABCBCBCBCABCD","-0.763086264548317"
"601","ABCDBCABCDCBCBCABCDCABCBCDBCABCBCBCAB","-0.341066979637804"
"602","ABCDEFDEFG","1.50242453423459"
"603","ABCDEFDECD","0.5283077123164"
"604","ABCDCBCDECD","0.542191355464308"
"605","ABCBCABCBCDCBCDBCABCD","-0.136673355717877"
"606","ABCBAB","-1.13673385330273"
"607","ABCD","-1.49662715435579"
"608","ABABCABCD","-0.223385643556595"
"609","ABCDEFG","2.00171922777288"
"610","ABCDE","0.221703816213622"
"611","ABCABCABCBCDEFDBCABCDEFCDECABCBCABCD","0.164372909246388"
"612","ABCABABCDBCDEFD","0.33262360885001"
"613","ABCBCABCABCABABCABCDBCBCD","-0.385207999091431"
"614","ABCBCAB","-1.39875402655789"
"615","ABCDEFG","2.67574079585182"
"616","ABCDBABCBCABCABCBCDCABCABCABCBCABCD","-0.423686088681983"
"617","ABCBCBCBCD","-0.298601511933064"
"618","AB","-1.79234172685298"
"619","ABCABCAB","-0.248008225068098"
"620","ABCABCBCD","-0.247303918374605"
"621","ABCBCBCDECDBCBCBCABCBCABCABCBCBCBCDBCBCBCBCBCABCBCABCABCABCABCBCD","-0.255510378526346"
"622","ABCA","-1.78693810009257"
"623","ABCDEFCDBCDEFDEFDECDBCDEFG","1.78466281602476"
"624","ABCDECDE","1.76358634774588"
"625","ABCD","0.689600221934096"
"626","ABABCBCABCBCB","-1.10074064442392"
"627","ABCDBCDEFCABCDEFCBCDEFCABCABCDBCDBCBCABCABABCDECDEFDEFG","0.714509356897811"
"628","ABCD","-0.246470316934021"
"629","ABCDCABCABCAB","-0.319786165927205"
"630","ABCDEFDEFCDBCDEFG","1.3626442929547"
"631","ABCABCABABABCABCABCABABCAB","-1.22788258998268"
"632","ABCABCAB","-0.511219232750473"
"633","ABCABCDE","-0.731194999064964"
"634","ABCDCBCBCABCBCDCBCDBCBCABCABCBCABCABCBCABCDE","0.0197520068767907"
"635","ABCBABCABABCABCBCD","-1.57286391470999"
"636","ABCBCBABCDCBCBCDCABCBCABCBCABCAB","-0.703333269828288"
"637","ABCDCDCBCDE","0.715932088907665"
"638","ABCD","0.465214906423109"
"639","ABCABCABCBCBCABCBCBCBCBCABCABCBCABCABCABCBCABCABCBCBCB","-0.973902306404292"
"640","ABCABCDEFDEFDEFD","0.559217730468333"
"641","A","-2.43263974540567"
"642","ABCABCABCABCDBCABCABCABCDCDBCBCABCABCABCBCDBCBCD","-0.340484926702145"
"643","ABCD","0.713033194850233"
"644","ABCD","-0.659037386489128"
"645","ABCABCBCDBCD","-0.0364026225664853"
"646","ABCABCBABCBCBCBCABABCBABAB","-1.59328630152691"
"647","ABCDBCDEFCDBCDBCDEFDEFDEFDEFG","0.847792797247769"
"648","ABCBCB","-1.85038884866061"
"649","ABCABCBCBCD","-0.323650631690314"
"650","ABCABCD","-0.255248112503172"
"651","ABCD","0.0609212273067499"
"652","ABCABCBCA","-0.823491629018878"
"653","ABCDEFG","1.82973048483604"
"654","ABCABCBCBCABCBABCAB","-1.4299162157815"
"655","ABCDBCDBCBCABCD","0.254137143004585"
"656","AB","-2.93977369533598"
"657","ABCBCDEFDECDCDCDBCBCD","0.00241580894347513"
"658","ABCDBCBCBCDECDCD","0.509665571261936"
"659","ABCBCABCBCABCBCBCABCBCD","-1.08472000111396"
"660","ABCDCBCDBCDEFCD","0.704832976877566"
"661","ABCDBCABCBCABCBCBCDECBCBCDBCBCBCDE","0.330976349994212"
"662","ABCDEFDEFD","0.976327472976372"
"663","ABCABCBCD","-0.843339880398736"
"664","ABCDBCABCABCABCABCABCABCBCBCABCBCABCBCABCABCDCABCBCABCBCD","-0.970579904862913"
"665","ABCABCBCAB","-1.77153134864293"
"666","ABCDCDBCBCBCBCD","-0.322470341645949"
"667","ABCBCABCBCABCB","-1.3388007423545"
"668","ABCDEFDBCDEFCDECDEFDCDEFDE","0.688156028146055"
"669","ABCD","0.0712806522505788"
"670","ABCDEFDEFDEFG","2.18975235927918"
"671","ABCABCABCABCABCBABABCABCABCABCABCABCABCBCABCB","-1.15770759930148"
"672","ABCDEFCDEFG","1.18168806409233"
"673","ABCBCB","-0.527368361608178"
"674","ABCAB","-1.45662801131076"
"675","ABCDEFCD","0.572967370493168"
"676","ABABABABCBCAB","-1.43337770467221"
"677","ABCBCBCABABCBCABCBCBCABCABCABCBABCABCBCBCABCBCABCBCABCBCAB","-1.0551850185265"
"678","ABCBCABCAB","-0.733111877421952"
"679","ABCDECDBCDECD","0.210907264251298"
"680","ABCBCABCB","-0.99892072706101"
"681","ABCDEFCDECDE","1.07785032320562"
"682","AB","-1.19897438250787"
"683","ABCABCDCD","0.216637035184711"
"684","ABCDBCABCBCBCDCDE","0.143087029788927"
"685","A","-1.06575009105298"
"686","ABCBCBCABCDBCD","-0.428623410701779"
"687","ABABCBCBCBCBCABCABCBCBABCABCAB","-0.656179476771346"
"688","ABCDEFDBCDEFCDEFDEFDEFDEFDEFDECABCDECDEFDECDEFG","0.959394326857613"
"689","ABCD","1.55605263610222"
"690","ABCABCBCDBCBCABCBCABCABCABCBCABCABCABCBCBCABCABCABCBCABCD","-1.04079643378825"
"691","ABCDEFDBCDECABCDEFG","0.930572408540247"
"692","ABCABCDBCABCABCABCABCBCABCBCBCDCDCBCABCDCABCABCBCDE","-0.0754459310121911"
"693","ABCABCAB","-1.96719534905096"
"694","ABCABCBCDCABCABCABCBCDBCABCBCBCBCBCBCABCDBCBCBCABCD","-0.755903642645193"
"695","ABCABCBCDCDCDEFDEFCBCDEFCABCDEFD","0.461149160506762"
"696","ABCDCBCBCBCDBCBCBCDBCDEFDCDCDEFD","0.145106631047872"
"697","AB","-2.44231132108142"
"698","ABCD","0.580318685451573"
"699","ABCD","0.655051998486745"
"700","ABCD","-0.304508837259419"
"701","ABCDE","-0.707568232617297"
"702","ABCDEFDEFG","1.97157201447823"
"703","ABCDE","-0.0899986806477491"
"704","ABCDBCDCBCDBCDECDBCDBCDBCD","-0.0140172519319242"
"705","AB","-1.12345693711015"
"706","ABCABCB","-1.34413012337621"
"707","ABCAB","-1.52315577106209"
"708","ABCABCB","-0.421968210382174"
"709","ABCDE","1.36092446408098"
"710","ABCDEFCDEFG","1.75379484533487"
"711","ABCDEFDEFG","1.56836473435279"
"712","ABCDEFG","1.29675556994775"
"713","ABCBCBABCBCBCBCABCABCBCBCDECBCDBCDCDCABCBCAB","-0.237596251443612"
"714","ABCDBCABCABCABCDBABCABCABCD","-1.22415013568071"
"715","ABCBCBCDCABCBCBCBCDBCABCABCBCDCABCABCBCD","-0.327812680140072"
"716","AB","-2.41245027627225"
"717","ABCD","-0.31379287344339"
"718","ABCDEFDEFDECDECDEFG","1.65987870464572"
"719","ABCDCABCD","0.130953100607517"
"720","ABCDECDEFCDE","1.09588868268958"
"721","ABCBCDBCABCDCABCDBCBCD","0.489340956943913"
"722","ABCDEFCABCBCABCABCBCBCDCBCABCBCBCAB","-0.778910295448653"
"723","ABCDEFDEFG","1.74355935292935"
"724","ABCBCBCABCABCDECABCD","-0.0783872853310662"
"725","ABCBCBCBCBCABCBABCABCABCABCBCBCABCABCABCBCBCBCD","-0.975553792522548"
"726","ABCBCABCDCDCDCDCDBCBCABCBCBCDECDCABCDEFDBCBCABCDBCDCDEFCBCBCD","0.0706598247385691"
"727","ABCAB","-1.5185995288232"
"728","ABCDCDEFDBCBCD","0.863779032791318"
"729","ABCDE","0.501568385364368"
"730","ABCABCDCABCDBCDCDBCABCDCBCDBCABCDBCABCBCD","-0.354781329646987"
"731","ABCABCDBCBCDBCABCABCD","-0.48842888759119"
"732","ABCABCD","0.936293947292698"
"733","ABCABCABCABCAB","-1.06240838642214"
"734","ABCBCAB","-0.983820871704388"
"735","ABCBCABCD","0.424247877020078"
"736","ABCDCBCBCDCABCABCDECABCD","-0.451313480552634"
"737","ABCABCDCDBCDEFCABCDEFCDEFDEFCDECABCDEFDEFCDBCDEFD","0.925084796723901"
"738","ABCABCBCBCBABCDCBCABABCABCABCDCD","-0.198620809812313"
"739","ABCDEFCABCDECDEFDEFG","1.1948510169004"
"740","ABCDCDBCABCDBCDBCD","0.495544705180151"
"741","ABCBAB","-2.24515257409297"
"742","ABAB","-1.33537136041822"
"743","ABCDEFG","1.28277520617769"
"744","ABCDCABCDE","0.690795904173712"
"745","ABCBCB","-0.967062667858309"
"746","ABCBCB","-1.34579368502011"
"747","ABCD","1.03366538931573"
"748","ABCABCBCDCBCBCBCBCBCBCBABCABCABCABCBCABCDE","-0.811776459663054"
"749","ABCDEFG","1.80172547861817"
"750","ABCDE","1.77154196037941"
"751","ABCABCBCABA","-1.45469136980239"
"752","AB","-0.845654312575637"
"753","ABCBCABCABCDCABCA","-1.25047965932418"
"754","ABCDEFDBCABCBCDEFDE","0.667288067904176"
"755","ABCBCBCD","-1.29076968763763"
"756","ABABCABCBCABCBABCA","-2.03500353846891"
"757","ABCDEFCDECDEFDEFG","2.02134699449252"
"758","ABCDEFG","1.00597348761217"
"759","ABCDE","0.817123601225002"
"760","ABCDCBCDCABCABCBCABCABABCABCBABCABCABCBCBCB","-0.663988283577244"
"761","ABCDBCABCABCBCABCABCBCDBCDEFDBCDBCDCBCBCABCBCD","-0.0112812312503971"
"762","ABCABCD","0.619677256209794"
"763","ABAB","-1.2812387419642"
"764","ABCBCDE","-0.124261326376048"
"765","ABCDBCDCBCDE","0.175741654501771"
"766","ABCDEFDEFDCDEFG","1.69277379447271"
"767","ABCDBCDBCD","0.642132717206933"
"768","ABCDEFDEFCDEFCDEFDEFDEFCD","1.28223303234921"
"769","ABCDBCDCAB","0.140546973547383"
"770","AB","-1.11250268318057"
"771","ABCBCDE","-0.339676971961898"
"772","ABCABCAB","-1.66476463926247"
"773","ABCDBCDCBCDBCDCDEFDEFCBCDCDECDCDBCD","0.928851761720271"
"774","ABCDEFG","1.41682683471578"
"775","ABCDBCBCABCDCDCABCABCDEFDE","-0.0627207776270142"
"776","ABCBCBCBCBCDCB","-0.980902336097871"
"777","ABCDEFDECDEFCDEFDE","1.08715025123701"
"778","ABCD","0.139327026560686"
"779","ABCDBCABCDBCABCBABCABCABCABCABCAB","-0.386272097673785"
"780","ABCDECABCDEFCDEFCDECDEFG","1.12358542318002"
"781","ABCABCDB","-0.759845657357593"
"782","ABCBCDEFDEFCDEFD","1.14895910322903"
"783","ABCBCABCD","-0.84247625893675"
"784","ABCABCBCBCD","0.391413340392769"
"785","ABCD","0.891377242318638"
"786","ABCBCBCBCABCABCABCBCABCABCABCBABCABCBCBAB","-1.33525871255432"
"787","ABCBCBCDECABCBCDECDEFCDEFCABCDBCDE","0.398123477834933"
"788","ABCABCBCABCABCD","-0.111586802948826"
"789","ABCDECDEFD","0.675743916642286"
"790","ABCABCBCBCD","-0.788597935379218"
"791","ABCD","-0.0869863340574937"
"792","ABCDEFCDE","1.38228400775579"
"793","ABCDBCDBCDBCDBCDCDCDE","0.168490163808026"
"794","ABCDEFDEFCABCDE","0.823190948275118"
"795","ABCABCABCBCDCDE","-0.220894597616442"
"796","ABCABCABABCABCABCBCBCDCABCABCABCBCBCBCBCBCABCABCDCBCABCABCBCABCABCDBCBCBCBCABCBCABCDCAB","-1.02939165471471"
"797","ABCABCDBCBCDE","-0.0109256908471287"
"798","ABCABCABCBCABCBCBCBCBCBCBCABCBABCABCBCBCBCABCBCABCBCB","-1.22499115544077"
"799","ABAB","-2.59611138844997"
"800","ABCDCDEFCDEFDE","1.16912259199149"
"801","ABCBCABCBCBABABCABCABCABCABCBCABCABCBCBCABCABCB","-1.08690881697743"
"802","ABCABAB","-1.82608301264641"
"803","ABCDE","0.995281807292567"
"804","ABCDBCABCBCBCBCABCBCD","-0.0118617814307389"
"805","ABCABCDECABCBCABCBCABCBCBCABCBCDCDBCD","-0.599628394751609"
"806","ABCDCBCBCABCABCBCDE","-0.177947986602105"
"807","ABCBCD","-0.425981341802302"
"808","ABCBCDECD","0.996658776455071"
"809","ABCDEFDEFDEFCABCDEFDEFDEFDECDCDBCDCDBCDECDBCB","0.727660708501531"
"810","ABCABCB","-1.72663059586351"
"811","ABCBCDBCD","0.35339849564175"
"812","ABCABCABCDEFDECDEFG","0.726813665899557"
"813","ABCDBCBCDEFDECDEFCDEFCDE","0.668260975976705"
"814","A","-2.42431730928421"
"815","ABCABCABCABCDCBCABCABCBCDECBCD","-0.235357425015276"
"816","ABCDEFG","1.97963332091796"
"817","ABCDEFCBCDEFG","0.796794538639531"
"818","ABCABCBCB","-1.70927618064586"
"819","ABABCBAB","-1.66366871188344"
"820","ABCD","0.49110955231555"
"821","ABCABCDBCBCDBCABCABCDE","-0.174055485572285"
"822","ABCDEFDEFDECDEFDECDEFCDCDBCD","0.961290563877483"
"823","ABCDCABCABCABCDEFDEFCBCD","0.293826661677307"
"824","ABCABCABCBCBCABCDBCDECBCDE","0.0809993635091707"
"825","ABCDBCBCDCDBCBCD","0.183661842799281"
"826","ABCD","0.16625503539133"
"827","ABCABABCBCBCABCABABABCBCABCABCBCABCBCBCABCABCAB","-1.26959906621425"
"828","ABCDECDEFG","2.34949332061946"
"829","AB","-1.41200540742533"
"830","ABCABCDBCDEFDBCDCDE","-0.0169614927822389"
"831","ABCBCABCBCABCBCBCABCDBCDBCBCDBCABCABCBCABCBCBCABCBCABCD","-0.544319352621665"
"832","ABCDEFDEFG","1.80011233335541"
"833","ABCABCDEFG","1.01144017617923"
"834","ABCBCABCBCDBCABCABCABCABCB","-0.563716555906629"
"835","ABCDBCABCDBABCDBCABCDEFDBCABCDBCDCDCBCABCDBCDBCDEFDEFCDCDBCABCABCABCDCABCDBCDCDCDECBCD","0.205420795375023"
"836","ABCDE","1.16546195019875"
"837","ABCDEFG","2.2363228395069"
"838","ABCD","0.302265076168852"
"839","ABCBCABCBCBCBCBABCABCABABCABCBCDCBCBCBCBCABCABCBCBCBCBCBCABCABCDCABCABABCABCBCABCBCDBCABCABCABCBCA","-1.04250660223103"
"840","ABCBCBCBCBCBCABCBCABCDBCABCABCABABCABCABCABCBCABCDBCAB","-0.983542313495811"
"841","ABCDCDEFG","2.00571858043419"
"842","AB","-2.07057148385748"
"843","ABCDEFG","3.05574236888186"
"844","ABCBCABCBCBCDCABCBCABCBCBCDECBCBCABCDBCDCDE","-0.2613505940873"
"845","ABCD","-0.45439325911372"
"846","ABCDBCDBCDB","0.157560555463951"
"847","ABCD","0.933388727865257"
"848","ABCABCDBCABCABCBCD","0.302828275834352"
"849","AB","-1.95615022247248"
"850","ABCABCDCBCDEFDBCABCDE","0.353536709469366"
"851","ABCDCDECDE","0.450424513742423"
"852","ABCDEFD","0.659550870534498"
"853","ABCABCD","-1.03142072760739"
"854","A","-2.37102288136148"
"855","ABCD","-0.324576307824521"
"856","ABCABCABCBCABCBCAB","-0.94429875090974"
"857","ABCABCDCABCABCABCABCBCBCBCBCABABCBCABCBCABCBCABCABCBCDBCABABCABCBCBCBCBCBCBCAB","-0.765889998443101"
"858","ABCABCABCBCBCABABABCABCBCABCABCABCABCABCBCBCD","-0.953779266719918"
"859","ABCBCD","-0.398004449854522"
"860","ABCDBCBCBCABCBCDCD","-0.311217062923606"
"861","ABCDBCDECDEFDEFG","0.796092713239834"
"862","ABCDEFG","0.986428343875779"
"863","ABCABCABCDBCABCABCDBCBCABCDBCABCBCBCDBCBCBAB","-0.794531662417426"
"864","ABABCABCBCBCDCDCD","-0.308817971515212"
"865","ABCDCBCDBCBCDE","0.361444766025588"
"866","ABCDEFDEFG","1.39879110483802"
"867","ABCBCBCD","-0.0560704196424014"
"868","ABCABCABCAB","-1.69887349155411"
"869","ABCABCBCABABCDBCD","0.231852545141301"
"870","ABCBCBCD","-0.119090670970556"
"871","ABCDEFG","1.77249285346043"
"872","ABCD","0.343422165443603"
"873","ABCDBCABCD","-0.623049782354728"
"874","ABCDBCBCABCDBCBCD","-0.439522293828527"
"875","ABCABCBCDBCBCABCABCABCABCABABCBCBCABCABCD","-0.505296789545481"
"876","ABCBCDBCDBCBCDBCBCDEFCBCD","0.186035137157474"
"877","ABCDBCD","0.176417797599477"
"878","ABCD","0.915848206824781"
"879","ABCDBCDCDECABCBCBCABCABCDBCDCBCDCBCDBCDEFCABCD","0.320176726180939"
"880","ABCBCABCDCBCBCBCDCABCABCDECBCABCBCABCABCABCD","-0.36668729712132"
"881","ABCBCBCBCABCABCD","-0.940611295179737"
"882","ABCBCDECDBCDEFD","0.634702931419534"
"883","ABCABCBCBCDE","-0.0624884823283309"
"884","ABCBCBCDCABCABCD","0.182837867691791"
"885","ABCDEFCDE","1.10364101842281"
"886","ABCDEFCDEFG","1.75203561864876"
"887","ABABCBCAB","-0.953816460135553"
"888","ABCDEFCDEFCDECDEFDEFCDEFCDEFDE","1.64408045682029"
"889","ABABCBCBCABCABCBCABCABCABCBCABABCABCBCBCBCDCBCABCBCBABCDBCBABCABCBCBCBCABCABCBCD","-0.866733529450919"
"890","ABCDBCABCD","0.266352192194765"
"891","ABCBCBCBCDEFCDCDEFDEFDEFDECBCDBCABCD","0.222370494855364"
"892","ABCDECBCDE","-0.276908509892329"
"893","ABCDEFDEFCABCD","1.39425304101804"
"894","ABCBCDCABCABCBCBCDBCABCABCBCABCBCDE","-0.658911999778006"
"895","ABCDCDEFCABCDBCABCDECDEFDEFCABCDEFCD","0.660531280513291"
"896","ABCDEFD","-0.0132557001432984"
"897","ABCABCABCDBCAB","-0.931480298730843"
"898","ABCDEFDEFCDCDEFDEFDEFDEFG","1.21468914346638"
"899","ABCBCBABCABABABCBCABCB","-2.08834036550883"
"900","ABCBCBCABCBCABCBCABCD","-0.526152469412621"
"901","ABABABCABABCBABCABABAB","-1.54140256690726"
"902","ABCDEFDBCDCDCD","0.194321069901269"
"903","ABCBCBCABCDECDECBCABCDECABCDECDE","0.264422549440984"
"904","ABCBCBCBABCBCABCABCBCBCB","-1.11873516870975"
"905","ABCDECDE","0.650952956147074"
"906","ABCABABCBCDBCBCABCBCABCBCDCABCB","-1.032900238582"
"907","ABCABCDBCDEFDE","0.659201499417982"
"908","ABCDCDBCD","0.237829399627714"
"909","ABCD","0.71527594710452"
"910","ABCBCD","-0.93848303919385"
"911","ABCD","0.0953540096781045"
"912","ABCBCD","-0.462819419956343"
"913","ABCABCB","-1.46888215609457"
"914","ABCABCDEFCBCD","0.152686505521528"
"915","ABCDEFG","1.77376261131718"
"916","ABCABCABCBCB","-0.648070933515048"
"917","ABCDECBCBCDE","-0.199817475668204"
"918","ABCDECABCABCBCDEFDEFDEFG","0.689243732977183"
"919","ABCBCBCBCDE","0.0361455098365949"
"920","ABCDECDEFG","1.94353631225286"
"921","ABCDEFG","0.737213733789873"
"922","ABCDEFG","2.32133393302204"
"923","ABCDBCDBCABCBCDE","0.34890934629397"
"924","ABCBABCABCBCBCABCABCABCABCBCABCABCABCAB","-1.13391666127592"
"925","ABCDEFCDBCBCDBCD","0.421335267904323"
"926","ABCDBCBCABCABABCABCBCD","-0.924556256814186"
"927","ABCBCABCB","-1.00706236611934"
"928","ABCABCBCBCBCABCABCAB","-0.189474330103611"
"929","ABCDEFCDCD","0.9339167001786"
"930","ABCBCBCDCDE","0.343909999577983"
"931","ABCDEFCDEFDEFDECDEFCBCDBCDEFDEFG","0.814020276463554"
"932","ABCD","0.915341002280603"
"933","ABCDBCDCBCDEFDBCABCABCABCABCABCDCABCDECBCABCABCDCDCABCBCABCABCBCABCABCBCBCD","-0.171852130422256"
"934","ABAB","-2.40223111360906"
"935","ABCDEFCDEFCDCDEFDCABCDECDECDEFDECDE","0.795906851730836"
"936","ABCDEFG","2.16911586935979"
"937","ABCBCABCDBCDEFDECABCDCBCDCDECBCDBCABCBCDECBCBCDEFCBCBCDCABABCBCBCABCBCDBCABCBCD","0.0583834994596872"
"938","ABCABCBABABCBCA","-1.35491444952768"
"939","ABCABCBCBCBCABCABCDE","-0.36755076555405"
"940","ABCBCBCB","-0.934517579155246"
"941","ABCBCD","-0.0416392200716165"
"942","AB","0.676112005556641"
"943","ABCDEFCDBCDEFDEFDEFDEFDECBCDE","0.86643614680554"
"944","ABCABCDBCDECABCDEFD","0.235175024813313"
"945","ABCBCABCBCABABCABCBCABCBCBABCABCBABCD","-0.933970133276432"
"946","ABCABCDEFCABCDEFDEFCD","0.813252167281602"
"947","ABCDEFCDEFDE","1.34831855513005"
"948","ABCDEFCDEFG","2.25188277593107"
"949","ABCABCBCD","-0.493652434465923"
"950","ABCDBCDBCABCABCDECDBCDCDBCDE","0.474092599152496"
"951","ABCDECD","1.19369166611409"
"952","ABCBCDBCBCABCBCD","-0.116395471522116"
"953","ABCDECABCABCBCBCBCD","0.524858555768479"
"954","ABCBCDBCDECDECABCDCABCDECDEFDCBCDEFCDCDEFDCABCDBCDCABCDCDCABCDEFCBCABCDCD","0.214421481278423"
"955","ABCDCBCD","-0.134449534536861"
"956","ABCBCBCDBCBCDCBCDBCBCABCDCDBCABCBCDCDECDEFCDCB","0.168509102875034"
"957","ABCDEFDECABCDEFDECDECDCABCD","0.964732769529999"
"958","ABCDBCBCABCDEFDCDEFDCDECDECDCDBCDBCBCDEFDE","0.408778914004396"
"959","ABCBCABCABCBCBCBCBCBCBCABCDCBCD","-0.466438215174507"
"960","AB","-2.23978297582177"
"961","ABCBCBCBCBABCABCD","-0.795063185124836"
"962","ABCDBCBCD","-0.0199551173436351"
"963","A","-2.51442512196431"
"964","ABCDEFCDEFG","2.21095203169735"
"965","AB","-1.48876222991277"
"966","ABCABCABCBCA","-1.16075187561923"
"967","ABCDEFG","1.45773822495573"
"968","AB","-2.18987594871999"
"969","ABCDCD","0.739062681128372"
"970","ABCDBCABCD","-0.344008768542759"
"971","ABCDE","0.455876741511694"
"972","ABCDEFDECABCDBCDE","0.878110262544797"
"973","ABCABCBCABCBCABCBCABABCBCABCBCABCBCABCBCD","-0.958463922912324"
"974","ABCABCBCABCBCB","-0.70584484574861"
"975","A","-2.99694930322778"
"976","ABCBCAB","-0.961052324044844"
"977","ABCABCD","0.380188253916704"
"978","ABCDE","0.505067589582035"
"979","ABCDEFDEFG","2.02705600379976"
"980","ABCDCBCDBCDBCDEFDCD","0.0646270287396298"
"981","ABCBCD","0.463658648401867"
"982","ABCBCBCABCDEFCABCD","0.0747783326935444"
"983","ABCBCABCABCBCD","-0.48683623583544"
"984","ABCD","0.748910820862606"
"985","ABCDEFCDE","0.464234580889638"
"986","ABCABCDCDE","0.129420458393473"
"987","ABCAB","-0.815460651610283"
"988","ABCABCDCDBCBCBCBCDCDBCDBCBCDBCABCABCDBCD","-0.0401504517354262"
"989","ABCBCD","0.781416977680249"
"990","ABCDEFDECDE","0.676452747462629"
"991","ABCBCABCBCBCD","-0.482652525567947"
"992","ABCBCABCABCABCBCBCBCABCABCABCD","-0.669113467963509"
"993","ABCD","0.512801321922257"
"994","ABCDE","1.04890992895349"
"995","ABCDCDCABCDEFDBCD","0.121058163102937"
"996","ABCBCBCBCDBCD","-0.313292885379532"
"997","ABCDBCBCBCABCBCABCABCABCBCDCBCABCABCABCBCBABCB","-0.88067073001145"
"998","ABCBCBCDCABCBCBCBCDE","-0.419286891272189"
"999","ABCABCAB","-1.4827516780218"
"1000","ABCD","-0.697318199400121"
